tx_hash,used_time
0x6baa43c34c5c391aa71bfb4f394e39109c3eead61a525121722edc284572c05c,4
0xf409c5849b15ce4152b79c78b3d69c2feb664ab67e169abca3713244f08e2045,21
0x355d26e7c026e032eff9c3b0a9af7c77978bcc42d0a040243f676e37c56687fb,41
0x32d019ca559f757a12b8ce4354ce569af4ecf640a801437c80237b063f907ddd,29
0x70d18f0201a932e44fbaf0e0b452d982c08193464781330b4ec513719571820d,13
0x0e2f6860bd395a427c6c03c106e2c9f75f9067959416d95213ffd96f28b6e1f9,7
0xb0c50e0b32e1a73da923e228da4079dac8f7c4f38f5659dc37feeb368c9ee22a,30
0xadf085699ec35e211068e6c0bbae12e6ca0ddef5a564d819828ac6d18be959b7,17
0xdf7c8b2784bb02bd225162114a340c1f8e6e8ef48a9f2f9f4a6b17e27ace1797,30
0xc928d01920b86f6b5a0e8d3868ab72718c2db0fcff2ada7632cbd7e5800ddb44,9
0xbd04d9cccb0bfa4d1887dae68e316f5525d848e09bd798c10d81765924b64da9,7
0x9c5d7155268a4ba384b74cbd61d3492f23d036e8f739ee4e24d1429dc34e35b8,9
0xddf963ec3f8651138c338b16361121b3bbd53508a380d6f20dc251e775ff26ee,6
0x5102a4782dbd1e06fa030359bdd53d462d00fcc3d58d0eccac3aa9a196c97dfd,29
0xda6ddce94c2ea32bccd98cbd8dae57782c585cd812dfa95867926c859e7b7e10,10
0xaf525e46d8641d5f0c51364106349b677d8c43815b57ad8686ca0cdb8af1f418,6
0xf77c2d61c31a1872f5ee46473fadb676faf448fb07169238ab2f195461159263,15
0x5da2f3308a3ba6279745e8dd5035cf37ca7016cfad4f6b073cd5f37417808239,6
0x2adb7519639aef231644c693eb4cfc9ab8990f74b81a80f2249f3a05f4e25ca7,19
0x293c150f78f96ca4e09e7240192b75bae3db131a5a37ad9c20fca256486974f2,20
0x971bc826a6d2d2e741604faba2e70df3987691d93bed8014b2ac5dc0a53ede5c,23
0x754884f989802169d55d3bc071277be1d6152a0356a421139f92b7e93eab3cf4,12
0x594b3a0cb37807d2966c21b3f299471ef87f66c7b4164477d9da69637ed93653,15
0xba396e2f046301ca6dc3f8dc9239c6a8fca6086a40af0fe535aee1f90602ae49,26
0x9770f140952f9f0a952e45c86ea87bd43393b85bac06ce6a4ac14caf2428d443,13
0x59fa937dcdf35d7c383e1c34b0f20925c19d05b9d86beebbe2b006a1e88bfaa4,15
0x77fee5fee95edf71b27d40cc061c3486437166187d036d7000e518c86849219a,18
0xbf25cd07dac32d184f4f7a986dbfc0a6d0e2deda8af65165391181c501799144,5
0xbfbce3dfc814d23529cb4cbc49df11aa101099d634d86d8cabf9276c00524951,10
0x766518eddb89afa7756402a84841e4d9ae21f681702370cc0b5e28ce21ac5f60,6
0x4045e3a950d8c5219226e34a89aea0141e2ae853859c81a131d53268905069a1,48
0x3eecce1a2ad392dcc7a5be4da42c2229833216fe9bcfc74e5efd71b4bc66abce,5
0xee37fb46c0cb19d8bc451958169c3bc3226c6dbee191ba1d8bcb482c722fa748,35
0x693b3ff520b76920542414d14ab12d30d5b697b56c8a036971fc306221e361d5,16
0x389353e34dde9b1ac6f728bee22a56617f8e7bf43184dbe125a22376f369b4aa,11
0x3aa97da35bd7ed7f49994a9357a7d8316a5e7acda1a9f63a17af8435f1cc5662,10
0x3e11f0c3bc559830c4c2ddcf7899e385cb2a273f0036d97cc5f910bbb079055e,10
0x2b84513431cc92bc3fb5efa9cd908f6f8e0687a683f0f10f7701d29203371ae3,27
0xd96ea829552e9fd3bf6fd9e03ee66870796ef71c361781ed14ea9707c899dfae,5
0x8068e36565ff72ebc90c633a99faceda4810dcc3e796055ec49134b90077a9d6,18
0xdc7594792c4640a4eb5de1a55c4ed01f79033dc0ea18456e5dbd998616d2478e,20
0x876fc17fd8ad915f0da7d1f95d35d83e4143060a4920fb32c39ef281db7c02f1,6
0x7373029eb24111a772e331095da8c6d2373b59a4db7f5cc494ef63c6b1cafe74,25
0xed4f1f88302926ea3a5df2bee49837dc85ddd0afa6ebda05d6a31e657594b2d8,6
0xc1db251b9a3f465441ea95d7105e30d5f2370c408e40ac7e90fc21eea39c064d,13
0xa9018fe54ec2d022c2b19124c05026a14b05661ebf7817e87b7b3e531c2637b0,14
0x4f1e87d4b23d74e56b2b74e7b6b14c6aaa1a79e86bd7ec37ab4d049e901dca5a,11
0xe6a826786e681490c9699f0f180a9fd3e4dcff68aad5eae18324a3eccdacd1ab,20
0xc552228ca0ecb84f5dd84970ef4be73a0407b7195616599dba76d9735dfb50f6,5
0x3c174136bfe01b270b5bbb48a880a3593400af052780f0f7a0b36214fd093b70,7
0x8a77d4f1b8d5bda252bd01cdc3764b579f73b7c650f32fa44e53e08adaaae44b,32
0xa273bef1541edc2207772c019abc48912c63dd4bcf930ea6153d89730fd11787,23
0xc5a5162f1f0af216d783f27db0ac9eb8cf94755726d3e10574d4cfc1af0db6e0,20
0xe795383c8f1409b223e55f1f3a5e413a5b3572476428e7546362bfc86e1ce989,32
0x8d9fd356e6122ba122e8d15551bca6fa36bfde8cd8c044eda88d16f5ef43b29e,17
0x5a07454262d80fdf1995c93ce75df348052ddf064a9bd3406890a8d0797952a8,5
0xe6012315e8f42dcde4e4e5850c06363bc30b1456cb794cbfe01df27ba1064851,6
0x29d03322ecf68188443b67eaf0c7e691b68b9923f698f663f6dfdd7aa5b7d3dd,15
0x0a815a08b4ba85a0de97d64ea046d386d3cb48efa09b377d984760634ba84bc9,17
0xbad4db7ce5e885edd061b93500b1724c8dfcbd02f20ef1a4940921b37fbae882,6
0xd5f042446e0d3a443381bda1d70a9e419cfaa07565430bb1fa206e37799e2ff3,11
0x4e314ba5c23783da6d36705e10babd812fa1b56cf67353d50b9349e00f0b0818,16
0x18027d3c7daca51d8163dc75e6450be9b8733dc489f7cb1453b253650d9b5152,2
0x767fe28d02785a44704b605f24c12d2177852f0a53b2b19a5db2c4ae0e0f3b79,1
0xcbbda2519440e680fedb2febbc6d04c878bcb9d06a70ca4710f84c96a4c57919,6
0x5b4bf27efb1214024175fadd02b2cd00d65656ed15141ba89b97f6063156afaf,8
0x7e749f31530fb907457f2017db10006ad2b583828bf9258f0ed489cd05ef0a0b,30
0x19f8e65b61eed01ea32ddc10b3ffb062cab1ce4720150c63a16031b73e1da1d8,11
0x2fb0972c4cd6f8c7b26278e07e64cdbe0ef2ddfde780afe67c29ee725efa6594,5
0xa83d65f3ae3a190de120425fd920139dbbc2ac3060a44e094802317e6616d291,25
0x1de9b9d639b7de47b3e74bb2289ac127ce4c325017c156ce8b14d33f546c1823,12
0x4ac5caff3dc8dfb30606710993ab7ee90931e6d86efa731536de5fea3bf03a10,31
0xb2308619005bc9ddb686a18e84596b8442397239a2fbc944f2ae60321e3481f0,6
0xa5bcb649a64f4b405ecc5ac6b15859854f3d14dfbb7fbd94ae2b72bc2625932e,21
0xf1f0d3948ae24b96f356716d3d6ddde0f79f81db5a9de088f2d3300d725513a2,12
0x58550fb3a4c5e3b2407731bef9e70d61bad5cb9b4a3b7673a8d87961b425512c,34
0x1e4bf2b784b7536ecb25f2e126e0a4756fb0a0ada9ce4f393ed717e94c7542f4,6
0xecf62fd887f04f098886d5b7045d8fd28caa3fbe61ebf1f1bdcab44d396b10fb,11
0x9a3e3817d1ed8a669dc300861de38dbce1d4853e810b59034410c484fd2f22b3,18
0xf3ba07ece27a60ceafbbd0359b3ec60583590e7c9e07d6501979cbdef31b6a6c,27
0x0f5feb76c42c3cd26c9526c282d893fe7755f73f15ef1cac094c4952529d5a1a,6
0xb56ba91804250e5ee244cf7ac996c3b2f2d9a8d3cdc85964cd78d628bb235699,21
0x7d4f1a0b9eaf343b50b1b36da1aa9d88f6f270d65d35461b1517689e350c53f8,8
0xea3afdb4f46b51ca69ffae2775cb69976ce5631dd2e9761283926895b176fc77,9
0xb424c1b541d4ae93c3e445221cdbbd77938676c82b14a17b25dbf94c5e091e46,10
0x607926d2a6c9926b5196faea59eb9e7055a21986529a2898ba09c37a5c5ceb5c,5
0x71d6079a99f7f04f26b258bdd82fd17abdb6434ed07ca6abf5f3927dc408eeb0,15
0xca617ead06aae370dd45a863a8b77328a8e47aba44d052ba5c737a4348e68510,16
0xfdbc9ae2c44c54e3f36e393d4daa13c13df4c588f4998b399704377c4d3e77c1,8
0x8763ef0d2aa033b967ed79f2ef9e7a692df9dbc02b2a7e3079459ab86fb279cb,6
0x814d99f4977cc23e91f94d11177e6f2b639d4b002cd7966ab3ec98b703a4980c,42
0x3663a3a671da020818988943f5499b721a234e1ab94e53737eedb316f0cf3aad,16
0xd53dc81fa86d51269b78e973f448f13ef88c27216060f1a6890049e3b33cdb0c,13
0x2b8507b91ebc841eacc5cc632c1997d5c5fca3a2b01ec0fb707777152c56e8eb,10
0xc0821b7b83199eba4dd08b54633f3e96f45b77654585548e96fcbbb7e9f712c7,38
0xb1bb9dfd97ce2851fdc218cdbc59b2e58104e8d797a276b829615fba84437bad,18
0x7b1811a30a93adf41bf7bbedd9a92f9837df4465924e674753e018a5deac416a,19
0x185434fb681ead969b439715a7be7a5d33b969e7a8312be303e87a1f1650f412,11
0x8a7b73603cc80605cddb434aa699ecea3d044a97908d96fb51f191181ad08090,32
